<application>
  <component name="Trusted.Paths">
    <option name="TRUSTED_PROJECT_PATHS">
      <map>
        <entry key="$USER_HOME$/BMSTU/bmstu-iu5-web-frontend" value="true" />
        <entry key="$USER_HOME$/BMSTU/bmstu/bmstu" value="true" />
        <entry key="$USER_HOME$/Work/aggregator-standard" value="true" />
        <entry key="$USER_HOME$/Work/sandbox" value="true" />
        <entry key="$USER_HOME$/Work/service-str-activator" value="true" />
        <entry key="$USER_HOME$/Work/service-str-admin-composition" value="true" />
        <entry key="$USER_HOME$/Work/service-str-booking-composition" value="true" />
        <entry key="$USER_HOME$/Work/service-str-docs" value="true" />
        <entry key="$USER_HOME$/Work/service-str-quality" value="true" />
        <entry key="$USER_HOME$/Work/service-str-tns-guard" value="true" />
      </map>
    </option>
  </component>
  <component name="Trusted.Paths.Settings">
    <option name="TRUSTED_PATHS">
      <list>
        <option value="$USER_HOME$/Work" />
        <option value="$USER_HOME$/BMSTU" />
      </list>
    </option>
  </component>
</application>