<application>
  <component name="DimensionService">
    <location key="find.popup.0.0.1920.1200" x="687" y="180" />
    <location key="find.popup.0.0.3024.1964@192dpi" x="1140" y="246" />
    <location key="find.popup.0.0.2560.1440" x="965" y="138" />
    <size key="GridCell.Tab.0.left.0.0.1920.1200" width="1838" height="353" />
    <size key="GridCell.Tab.0.center.0.0.1920.1200" width="1838" height="353" />
    <size key="GridCell.Tab.0.right.0.0.1920.1200" width="1838" height="353" />
    <size key="GridCell.Tab.0.bottom.0.0.1920.1200" width="1838" height="353" />
    <size key="find.popup.0.0.1920.1200" width="825" height="703" />
    <size key="find.popup.0.0.3024.1964@192dpi" width="1298" height="1112" />
    <size key="GridCell.Tab.0.left.0.0.3024.1964@192dpi" width="2860" height="498" />
    <size key="GridCell.Tab.0.center.0.0.3024.1964@192dpi" width="2860" height="498" />
    <size key="GridCell.Tab.0.right.0.0.3024.1964@192dpi" width="2860" height="498" />
    <size key="GridCell.Tab.0.bottom.0.0.3024.1964@192dpi" width="2860" height="498" />
    <size key="find.popup.0.0.2560.1440" width="1099" height="1002" />
    <size key="GridCell.Tab.0.left.0.0.2560.1440" width="2478" height="654" />
    <size key="GridCell.Tab.0.center.0.0.2560.1440" width="2478" height="654" />
    <size key="GridCell.Tab.0.right.0.0.2560.1440" width="2478" height="654" />
    <size key="GridCell.Tab.0.bottom.0.0.2560.1440" width="2478" height="654" />
    <size key="GridCell.Tab.1.left.0.0.3024.1964@192dpi" width="2860" height="612" />
    <size key="GridCell.Tab.1.center.0.0.3024.1964@192dpi" width="2860" height="612" />
    <size key="GridCell.Tab.1.right.0.0.3024.1964@192dpi" width="2860" height="612" />
    <size key="GridCell.Tab.1.bottom.0.0.3024.1964@192dpi" width="2860" height="612" />
    <size key="GridCell.Tab.1.left.0.0.1920.1200" width="1430" height="306" />
    <size key="GridCell.Tab.1.center.0.0.1920.1200" width="1430" height="306" />
    <size key="GridCell.Tab.1.right.0.0.1920.1200" width="1430" height="306" />
    <size key="GridCell.Tab.1.bottom.0.0.1920.1200" width="1430" height="306" />
  </component>
  <component name="WindowManager">
    <frame x="0" y="0" width="1920" height="1200" fullScreen="true" />
  </component>
  <component name="WindowStateApplicationService">
    <state width="947" height="163" key="ShowUsagesActions.dimensionServiceKey" timestamp="1734090006762">
      <screen x="0" y="0" width="1920" height="1200" />
    </state>
    <state width="854" height="139" key="ShowUsagesActions.dimensionServiceKey/-1512.38.1512.944/0.0.1920.1200" timestamp="1730363213454" />
    <state width="889" height="211" key="ShowUsagesActions.dimensionServiceKey/-1512.38.1512.944/0.0.2560.1440" timestamp="1729866863638" />
    <state width="947" height="163" key="ShowUsagesActions.dimensionServiceKey/0.0.1920.1200" timestamp="1734090006762" />
    <state width="965" height="163" key="ShowUsagesActions.dimensionServiceKey/0.32.1512.950" timestamp="1734086855004" />
    <state x="960" y="500" width="800" height="650" key="WELCOME_SCREEN" timestamp="1729682058323">
      <screen x="0" y="25" width="1920" height="1101" />
    </state>
    <state x="960" y="500" width="800" height="650" key="WELCOME_SCREEN/-1512.38.1512.944/0.25.1920.1101" timestamp="1729682058323" />
  </component>
</application>